MFE,sequence,MFEIS,class
-45.7,CAUUAUUUUGGCAUCUUUUUCUGCUUCCACAAGUGCUUUUGUGGAAACUGUGAAAGGUUUGGAUUAUAAAGCAUUCAAACAAAUUGUUGAAUCCUGUGGUAAUUUUAAAGUUACAAAAGGAAAAGCUAAAAAAGGUGCCUGGAAUAUUG,-0.9326530612244899,Real pre-miRNA
-50.7,UGAACUUGAUGAAAGGAUUGAUAAAGUACUUAAUGAGAAGUGCUCUGCCUAUACAGUUGAACUCGGUACAGAAGUAAAUGAGUUCGCCUGUGUUGUGGCAGAUGCUGUCAUAAAAACUUUGCAACCAGUAUCUGAAUUACUUA,-0.938888888888889,Real pre-miRNA
-44.6,UUCGCACAAAUGUCUACUUAGCUGUCUUUGAUAAAAAUCUCUAUGACAAACUUGUUUCAAGCUUUUUGGAAAUGAAGAGUGAAAAGCAAGUUGAACAAAAGAUCGCUGAGAUUCCUAAAGAGGAAGUUAAGCCAUUUAUAACUGAA,-0.9102040816326531,Real pre-miRNA
-50.4,UGCUUAUUACAGAGCAAGGGCUGGUGAAGCUGCUAACUUUUGUGCACUUAUCUUAGCCUACUGUAAUAAGACAGUAGGUGAGUUAGGUGAUGUUAGAGAAACAAUGAGUUACUUGUUUCAACAUGCCAAUUUAGAUUCUUGCA,-0.9163636363636363,Real pre-miRNA
-42.9,AACCUGCUUCAAGAGAGCUUAAAGUUACAUUUUUCCCUGACUUAAAUGGUGAUGUGGUGGCUAUUGAUUAUAAACACUACACACCCUCUUUUAAGAAAGGAGCUAAAUUGUUACAUAAACCUAUUGUUUGGCAUGUU,-0.8937499999999999,Real pre-miRNA
-44.9,GGUUCCAUCCAUCUUUACUUUGAUAAAGCUGGUCAAAAGACUUAUGAAAGACAUUCUCUCUCUCAUUUUGUUAACUUAGACAACCUGAGAGCUAAUAACACUAAAGGUUCAUUGCCUAUUAAUGUUAUAGUUUUUGAUGGUAAAUC,-0.9354166666666667,Real pre-miRNA
-41.3,CUUUUGAAGAAGCUGCGCUGUGCACCUUUUUGUUAAAUAAAGAAAUGUAUCUAAAGUUGCGUAGUGAUGUGCUAUUACCUCUUACGCAAUAUAAUAGAUACUUAGCUCUUUAUAAUAAGUACAAGUAUUUUAGUGGAGCAAUGG,-0.8604166666666666,Real pre-miRNA
-39.2,UUACUGCAAAAUGGUAUGAAUGGACGUACCAUAUUGGGUAGUGCUUUAUUAGAAGAUGAAUUUACACCUUUUGAUGUUGUUAGACAAUGCUCAGGUGUUACUUUCCAAAGUGCAGUGA,-0.9116279069767443,Real pre-miRNA
-45.4,UAGUUUUAAGGAAUUACUUGUGUAUGCUGCUGACCCUGCUAUGCACGCUGCUUCUGGUAAUCUAUUACUAGAUAAACGCACUACGUGCUUUUCAGUAGCUGCACUUACUAACAAUGUUGCUUUUCAAACUG,-0.8730769230769231,Real pre-miRNA
-39.9,AGCGAUUAUGACUACUAUCGUUAUAAUCUACCAACAAUGUGUGAUAUCAGACAACUACUAUUUGUAGUUGAAGUUGUUGAUAAGUACUUUGAUUGUUACGAUGGUGGCUGUAUUAAUGCU,-0.9974999999999999,Real pre-miRNA
-39.8,GAUUAUGACUACUAUCGUUAUAAUCUACCAACAAUGUGUGAUAUCAGACAACUACUAUUUGUAGUUGAAGUUGUUGAUAAGUACUUUGAUUGUUACGAUGGUGGCUGUAUUAAUGCUAACCAAGUCAUCGUC,-0.8844444444444445,Real pre-miRNA
-49.0,UGUCCGCAAUUUACAACACAGACUUUAUGAGUGUCUCUAUAGAAAUAGAGAUGUUGACACAGACUUUGUGAAUGAGUUUUACGCAUAUUUGCGUAAACAUUUCUCAAUGAUGAUACUCUCUGACGAUGCUGUUGUGUGUUUCAAUAGCA,-0.9074074074074076,Real pre-miRNA
-29.6,UCUGCUCGCAUAGUGUAUACAGCUUGCUCUCAUGCCGCUGUUGAUGCACUAUGUGAGAAGG,-0.9866666666666667,Real pre-miRNA
-36.8,GGAACUUGUCGGCGUUGUCCUGCUGAAAUUGUUGACACUGUGAGUGCUUUGGUUUAUGAUAAUAAGCUUAAAGCACAUAAAGACAAAUCAGCUCAAUGCUUUAAAAUGUUUU,-0.8975609756097561,Real pre-miRNA
-41.1,UACUUUGCAUAAUGUCUGAUAGAGACCUUUAUGACAAGUUGCAAUUUACAAGUCUUGAAAUUCCACGUAGGAAUGUGGCAACUUUACAAGCUGAAAAUGUAACAGGACUCUUUAAAGAUUGUAGUAAGGUA,-0.9133333333333333,Real pre-miRNA
-35.9,UUAAGUGUGUACCUCAAGCUGAUGUAGAAUGGAAGUUCUAUGAUGCACAGCCUUGUAGUGACAAAGCUUAUAAAAUAGAAGAAUUAUUCUAUUCUUAUGCCACACAUUCUGA,-0.9205128205128205,Real pre-miRNA
-47.7,AGGAGUCAAAUGGAAAUUGAUUUCUUAGAAUUAGCUAUGGAUGAAUUCAUUGAACGGUAUAAAUUAGAAGGCUAUGCCUUCGAACAUAUCGUUUAUGGAGAUUUUAGUCAUAGUCAGUUAGGUGGUUUACAUCUACUGAUUGGACU,-0.9540000000000001,Real pre-miRNA
-43.2,UAUUUUGGAGGAAUACAAAUCCAAUUCAGUUGUCUUCCUAUUCUUUAUUUGACAUGAGUAAAUUUCCCCUUAAAUUAAGGGGUACUGCUGUUAUGUCUUUAAAAGAAGGUCAAAUCAAUGAUAUGAUUUUAUCUCUUCUUAGUA,-1.0046511627906978,Real pre-miRNA
-32.8,AUUAAGGGGUACUGCUGUUAUGUCUUUAAAAGAAGGUCAAAUCAAUGAUAUGAUUUUAUCUCUUCUUAGUAAAGGUAGACUUAUAAUUAGAGAAAACAACAGAGUUGUUAUUUCUAGUGAU,-0.9371428571428572,Real pre-miRNA
-42.9,CUUUUCUUAUGGACCUUGAAGGAAAACAGGGUAAUUUCAAAAAUCUUAGGGAAUUUGUGUUUAAGAAUAUUGAUGGUUAUUUUAAAAUAUAUUCUAAGCACACGCCUAUUAAUUUAGUGCGUGAUCUCCCUCAGGGUUUUUCGGCUUUAG,-0.858,Real pre-miRNA
-47.9,GCAUCAUUUUCCACUUUUAAGUGUUAUGGAGUGUCUCCUACUAAAUUAAAUGAUCUCUGCUUUACUAAUGUCUAUGCAGAUUCAUUUGUAAUUAGAGGUGAUGAAGUCAGACAAAUCGCUCCAGGGCAAACUGGAAAGAUUGC,-0.9037735849056603,Real pre-miRNA
-27.3,UCAUUUGUAAUUAGAGGUGAUGAAGUCAGACAAAUCGCUCCAGGGCAAACUGGAAAGAUUGCUGAUUAUAAUUAUAAAUUACCAGAUGA,-0.8806451612903226,Real pre-miRNA
-46.5,UGUGGUCAACCAAAAUGCACAAGCUUUAAACACGCUUGUUAAACAACUUAGCUCCAAUUUUGGUGCAAUUUCAAGUGUUUUAAAUGAUAUCCUUUCACGUCUUGACAAAGUUGAGGCUGAAGUGCAAAUUGAUAGGUUGAUCACA,-0.8773584905660377,Real pre-miRNA
-28.1,AAAGUAUGAGCAGUAUAUAAAAUGGCCAUGGUACAUUUGGCUAGGUUUUAUAGCUGGCUUGAUUGCCAUAGUAAUGGUGACAAUUAUGCUUU,-0.8515151515151516,Real pre-miRNA
-43.7,GUAACUUCUUCAAUUGUCAUUACUUCAGGUGAUGGCACAACAAGUCCUAUUUCUGAACAUGACUACCAGAUUGGUGGUUAUACUGAAAAAUGGGAAUCUGGAGUAAAAGACUGUGUUGUAUUACACAGUUAC,-0.8918367346938775,Real pre-miRNA
-36.7,GGAAGUUCAAGAACUUUACUCUCCAAUUUUUCUUAUUGUUGCGGCAAUAGUGUUUAUAACACUUUGCUUCACACUCAAAAGAAAGACAGAAUGAUUGAACUUUCAUUAAUUGACUUCU,-0.9657894736842108,Real pre-miRNA
-39.4,UCAGACAAGAGGAAGUUCAAGAACUUUACUCUCCAAUUUUUCUUAUUGUUGCGGCAAUAGUGUUUAUAACACUUUGCUUCACACUCAAAAGAAAGACAGAAUGAUUGAACUUUCAUUAAUUGA,-0.985,Real pre-miRNA
