sequence,strand
AGUUUCCAUUUGGAAUCUUGAU,5'
AAGUUCAAGAACUUUACUCUCC,5'
AUGAAGUCAGACAAAUCGCUCC,5'
UACAUGCACCAGCAACUGUUUG,5'
AUAGUGUUUAUAACACUUUGCU,5'
AAAGACAGAAUGAUUGAACUUU,3'
UAUGAGCAGUAUAUAAAAUGGC,5'
UGUGGACCUAAAAAGUCUACUA,3'
AUUCAUUUGUAAUUAGAGGUGA,3'
UAUUCUAAGCACACGCCUAUUA,3'
CGAUACCGAUACAAGCCUCACU,5'
GUUUAAGAAUAUUGAUGGUUAU,5'
GAGGUGAUGAAGUCAGACAAAU,5'
CAAGUGCACUUGGAAAACUUCA,5'
UCAUAAUUAAAAAUUUAUCUAA,3'
AAGAUUGCUGAUUAUAAUUAUA,3'
GUAGUACUUUCUUUUGAACUUC,5'
UUUGCUUCACACUCAAAAGAAA,3'
CAACGAUACCGAUACAAGCCUC,5'
UACUAAAUUAAAUGAUCUCUGC,5'
CUAUUUCUGAACAUGACUACCA,3'
GACCUUGAAGGAAAACAGGGUA,5'
GAUGGCUUAUUGUUGGCGUUGC,3'
AGUGCACUUGGAAAACUUCAAG,5'
UCCUACUAAAUUAAAUGAUCUC,5'
ACUUUGCUUCACACUCAAAAGA,3'
UCAUUACUUCAGGUGAUGGCAC,5'
UGGUCAACCAAAAUGCACAAGC,3'
UAGGUUUUAUAGCUGGCUUGAU,3'
AAUCUUGAUUACAUCAUAAACC,3'
GUAUAUAAAAUGGCCAUGGUAC,5'
