sequence,strand,# of predicted targets,seed
AUUCUAAUUUCUCCACGUCUUU,5',1182,UUCUAAU
AAAGAUGUGGAAAAAUUGGAAU,3',550,AAGAUGU
UACUAAAUUAAAUGAUCUCUGC,5',1013,ACUAAAU
AUUCAUUUGUAAUUAGAGGUGA,3',2613,UUCAUUU
AUGAAGUCAGACAAAUCGCUCC,5',467,UGAAGUC
AAGAUUGCUGAUUAUAAUUAUA,3',199,AGAUUGC
UAUGAGCAGUAUAUAAAAUGGC,5',377,AUGAGCA
UAGGUUUUAUAGCUGGCUUGAU,3',809,AGGUUUU
UCAUUACUUCAGGUGAUGGCAC,5',435,CAUUACU
CUAUUUCUGAACAUGACUACCA,3',2019,UAUUUCU
AUAGUGUUUAUAACACUUUGCU,5',656,UAGUGUU
UUUGCUUCACACUCAAAAGAAA,3',1023,UUGCUUC
AAAGACAGAAUGAUUGAACUUU,3',986,AAGACAG
