MFE,pre-miRNA candidate seq,MFEIS,class
-42.9,CUUUUCUUAUGGACCUUGAAGGAAAACAGGGUAAUUUCAAAAAUCUUAGGGAAUUUGUGUUUAAGAAUAUUGAUGGUUAUUUUAAAAUAUAUUCUAAGCACACGCCUAUUAAUUUAGUGCGUGAUCUCCCUCAGGGUUUUUCGGCUUUAG,-0.858,Real
-47.9,GCAUCAUUUUCCACUUUUAAGUGUUAUGGAGUGUCUCCUACUAAAUUAAAUGAUCUCUGCUUUACUAAUGUCUAUGCAGAUUCAUUUGUAAUUAGAGGUGAUGAAGUCAGACAAAUCGCUCCAGGGCAAACUGGAAAGAUUGC,-0.9037735849056603,Real
-27.3,UCAUUUGUAAUUAGAGGUGAUGAAGUCAGACAAAUCGCUCCAGGGCAAACUGGAAAGAUUGCUGAUUAUAAUUAUAAAUUACCAGAUGA,-0.8806451612903226,Real
-25.2,CAGAGUAGUAGUACUUUCUUUUGAACUUCUACAUGCACCAGCAACUGUUUGUGGACCUAAAAAGUCUACUAAUUUG,-0.9,Pseudo
-19.3,AGCAAGUGCACUUGGAAAACUUCAAGAUGUGGUCAACCAAAAUGCACAAGCU,-0.8772727272727273,Pseudo
-28.1,AAAGUAUGAGCAGUAUAUAAAAUGGCCAUGGUACAUUUGGCUAGGUUUUAUAGCUGGCUUGAUUGCCAUAGUAAUGGUGACAAUUAUGCUUU,-0.8515151515151516,Real
-25.0,UGCAACGAUACCGAUACAAGCCUCACUCCCUUUCGGAUGGCUUAUUGUUGGCGUUGCA,-0.8620689655172413,Pseudo
-43.7,GUAACUUCUUCAAUUGUCAUUACUUCAGGUGAUGGCACAACAAGUCCUAUUUCUGAACAUGACUACCAGAUUGGUGGUUAUACUGAAAAAUGGGAAUCUGGAGUAAAAGACUGUGUUGUAUUACACAGUUAC,-0.8918367346938775,Real
-30.7,UUGACUUUCAGGUUACUAUAGCAGAGAUAUUACUAAUUAUUAUGAGGACUUUUAAAGUUUCCAUUUGGAAUCUUGAUUACAUCAUAAACCUCAUAAUUAAAAAUUUAUCUAAGUCACUAACUGAGAAUAAAUAUUCUCAA,-0.8527777777777779,Pseudo
-39.4,UCAGACAAGAGGAAGUUCAAGAACUUUACUCUCCAAUUUUUCUUAUUGUUGCGGCAAUAGUGUUUAUAACACUUUGCUUCACACUCAAAAGAAAGACAGAAUGAUUGAACUUUCAUUAAUUGA,-0.985,Real
-36.7,GGAAGUUCAAGAACUUUACUCUCCAAUUUUUCUUAUUGUUGCGGCAAUAGUGUUUAUAACACUUUGCUUCACACUCAAAAGAAAGACAGAAUGAUUGAACUUUCAUUAAUUGACUUCU,-0.9657894736842108,Real
